"","mean","sd","2.5%","25%","50%","75%","97.5%","Rhat","n.eff"
"LL[1]",-0.921247225933955,0.437123477797174,-1.91697599180219,-1.16759064372608,-0.878449657731681,-0.619096142257716,-0.199366976769534,1.00101899168148,49000
"LL[2]",-0.376657918064294,0.368101949871413,-1.23939255515667,-0.56699370773173,-0.330212134935063,-0.129597140269292,0.202077029810851,1.00099317669581,1e+05
"LL[3]",-0.938122124346692,0.437007514360799,-1.93100453781209,-1.18549850924854,-0.89089106714922,-0.638953016003005,-0.215470472717694,1.00099087911352,1e+05
"LL[4]",-0.633729381491063,0.444859215573113,-1.67756451755638,-0.882146788903954,-0.573963334849429,-0.321773376451726,0.0690633756971656,1.00099313214758,1e+05
"LL[5]",-0.703236046534196,0.343769234721091,-1.43591289375841,-0.920967462436232,-0.68473808972962,-0.465034828482583,-0.085989605086829,1.00099823153231,1e+05
"LL[6]",-0.334553339079505,0.328010238828307,-1.07397441793148,-0.524650878261717,-0.302726045387859,-0.108520232639676,0.221303524550781,1.00099017753833,1e+05
"LL[7]",-0.251617646267176,0.284431543118054,-0.867748971105483,-0.424904778310439,-0.232073945340682,-0.0554344983264793,0.250400451658886,1.00098896119081,1e+05
"LL[8]",-0.334615379267421,0.315729464937932,-1.0407100615583,-0.518404588134461,-0.307778527704,-0.116261514576028,0.199911944020538,1.00098859961578,1e+05
"LL[9]",-0.795861101297942,0.371276659144331,-1.59854057319975,-1.02211447773342,-0.770268069904808,-0.539336217064654,-0.1436629462465,1.00099999261752,1e+05
"LL[10]",-0.78467990349747,0.492631903437396,-1.93457303872029,-1.0570830713604,-0.718728123370284,-0.439045589111409,-0.00981404949965677,1.00099031291358,1e+05
"LL[11]",-0.492391162701001,0.382726345095555,-1.36881083066105,-0.708280010759528,-0.44896465740883,-0.227495209001798,0.134651223367919,1.00098853980175,1e+05
"LL[12]",-0.625776244900607,0.430084168847586,-1.62030407113662,-0.864818996144432,-0.572967304858309,-0.324170753912577,0.0581750351170955,1.00102040993276,47000
"LL[13]",-1.84900102217438,0.659829283486745,-3.32406940736159,-2.23824996669604,-1.78157181351128,-1.38737423943816,-0.748727187244305,1.00099491697846,1e+05
"LL[14]",-1.79463784361051,0.795231980277285,-3.7057193581287,-2.2148391760642,-1.66671080726745,-1.23928518560041,-0.599695057469226,1.00098987547001,1e+05
"LL[15]",-0.489193240582957,0.448435159964265,-1.58190936796975,-0.696377992563633,-0.416458482107929,-0.193703069660777,0.159620664952027,1.00099231378406,1e+05
"LL[16]",-0.451014139571354,0.434300201370183,-1.51458796963483,-0.653509033208095,-0.382977423515541,-0.164232428822764,0.182586762884509,1.00098884560594,1e+05
"LL[17]",-1.25225535721477,0.789847575965325,-3.11255719546176,-1.6867248504004,-1.13283237437815,-0.688912568085392,-0.0602582402448988,1.00101857896953,50000
"LL[18]",-0.461459046237703,0.444664170220869,-1.54970843891433,-0.666006333697324,-0.388772397669292,-0.168736533566388,0.181713442702215,1.00100322855141,1e+05
"LL[19]",-0.379522620429214,0.380595051570137,-1.29369078461052,-0.574001512275859,-0.327249880652677,-0.120260451131033,0.210573859030041,1.00098909131395,1e+05
"LL[20]",-0.470341517033222,0.444136307156477,-1.56690234372287,-0.686208227146298,-0.399090333936244,-0.168162501559662,0.18288206050767,1.00099011169724,1e+05
"LL[21]",-0.87203766339173,0.467090258910087,-1.96560835348874,-1.11284608327814,-0.813059937846287,-0.556979490296519,-0.140735713856558,1.00101718345781,52000
"LL[22]",-0.768111672676411,0.428026536318628,-1.76600609277145,-1.00594125174776,-0.711913801903674,-0.469289874753605,-0.0890711174254622,1.00098881002786,1e+05
"LL[23]",-1.58587344845056,0.660651285103626,-3.11819843531659,-1.96553265198448,-1.49528541264517,-1.11168200217991,-0.550325575575669,1.00102930915917,37000
"LL[24]",-0.729947946545559,0.34464971809361,-1.46228935906927,-0.948105958894395,-0.710446669092789,-0.491362425474853,-0.106317173877431,1.00098876274895,1e+05
"LL[25]",-0.265718621467519,0.278640298174341,-0.859152929393487,-0.439968871901123,-0.248500876498841,-0.0733580588202329,0.234073955261406,1.00104486287813,27000
"LL[26]",-0.203660667210586,0.261223131413931,-0.752757217162584,-0.370415402620466,-0.191176116030691,-0.0230396666743375,0.27210102629169,1.0010325964417,34000
"LL[27]",-0.911491660323669,0.384259823443079,-1.74924693229531,-1.14414353221078,-0.882959423794586,-0.645282738140458,-0.239313697673629,1.00098869090783,1e+05
"LL[28]",-1.65740206402483,0.594062727104207,-2.96681094823647,-2.0179762381976,-1.60405521850923,-1.23906358521755,-0.646831437164297,1.00099919157686,1e+05
"LL[29]",-1.76344096652641,0.612432629418982,-3.11920994145488,-2.13332312963343,-1.7062074495048,-1.32967073857809,-0.728851308578365,1.00098945714181,1e+05
"LL[30]",-1.67406856484521,0.59799116617176,-2.99435720554232,-2.03891562286585,-1.62080385471606,-1.25187048160258,-0.6584103460958,1.00099210221555,1e+05
"LL[31]",-0.930712851372328,0.389187116766686,-1.7816788318593,-1.1660071617706,-0.901211039242189,-0.661760055433566,-0.252654734822524,1.00098850093079,1e+05
"LL[32]",-0.405334037130356,0.314121663022567,-1.10451658866935,-0.592770997904317,-0.377353820687593,-0.187080119203062,0.129570590012648,1.00099529262737,1e+05
"LL[33]",-0.880903574501379,0.374989270177344,-1.69667335125419,-1.10978259328921,-0.851630488148445,-0.620382797741165,-0.229419925116548,1.00100319849539,1e+05
"LL[34]",-0.340645155197803,0.29929539494491,-0.992287805954837,-0.524007089776364,-0.319144137590876,-0.134321634148441,0.186682345734026,1.00104686936248,26000
"LL[35]",-0.348320082808343,0.360191771910344,-1.18712002603086,-0.531361197610858,-0.302698583625481,-0.108694884399329,0.215380162232067,1.00099007336255,1e+05
"LL[36]",-0.762786702467382,0.38467355990436,-1.60534429867024,-0.988782258012179,-0.731371360714403,-0.498154220977285,-0.1061634656751,1.00099037779715,1e+05
"LL[37]",-1.07058413585645,0.643056598987145,-2.70617395896828,-1.34613041899251,-0.951781861857334,-0.646931722362191,-0.188408106169896,1.00098968987364,1e+05
"Sigma[1,1,1]",0.131104332787613,0.0472472585899991,0.0679964934671563,0.0985228442922316,0.12189734626771,0.153264557723751,0.24788102806922,1.00099051584665,1e+05
"Sigma[2,1,1]",0.237993505613989,0.120778403389707,0.0998728340733084,0.158769342172495,0.209086229978266,0.282521357454493,0.550559592315168,1.00099571883757,1e+05
"Sigma[3,1,1]",1.03143475483673,2.24348319325299,0.183458790670282,0.380754884514721,0.612302294375546,1.06832734383305,4.26353806820996,1.00099296690685,1e+05
"Sigma[1,2,1]",-0.0126652690101444,0.0476828221550553,-0.114279507214192,-0.0388878790532913,-0.0109651061947418,0.0152329416114332,0.0796706406135765,1.00099958123768,1e+05
"Sigma[2,2,1]",-0.0409563882018949,0.111646894009357,-0.286615415934035,-0.0916657650911998,-0.033611170846696,0.0183327765735724,0.161307584535017,1.00099244314655,1e+05
"Sigma[3,2,1]",-0.0596436865097445,1.64364823285845,-1.75166758510831,-0.24777418102263,-0.0260279449640953,0.176951335720404,1.43084329818762,1.04013264822624,1e+05
"Sigma[1,1,2]",-0.0126652690101444,0.0476828221550553,-0.114279507214192,-0.0388878790532913,-0.0109651061947418,0.0152329416114332,0.0796706406135765,1.00099958123768,1e+05
"Sigma[2,1,2]",-0.0409563882018949,0.111646894009357,-0.286615415934035,-0.0916657650911998,-0.033611170846696,0.0183327765735724,0.161307584535017,1.00099244314655,1e+05
"Sigma[3,1,2]",-0.0596436865097445,1.64364823285845,-1.75166758510831,-0.24777418102263,-0.0260279449640953,0.176951335720404,1.43084329818762,1.04013264822624,1e+05
"Sigma[1,2,2]",0.270756233247492,0.101885691102996,0.135565135953449,0.200410109695782,0.250688293767118,0.317594687064502,0.525537492307071,1.00098915502979,1e+05
"Sigma[2,2,2]",0.414366757768663,0.220872143700244,0.165423575426832,0.270512455434853,0.361422343720929,0.495497491608835,0.97462177947856,1.00099150820362,1e+05
"Sigma[3,2,2]",1.20059439465245,2.73749865452693,0.21394943900897,0.441358495470783,0.711700176996554,1.24767402559935,4.9545857682752,1.00101279590777,62000
"alpha[1]",4.46242954179186,0.171062956770623,4.11262376677342,4.36678104257661,4.46676310626142,4.56364924726145,4.78351547287672,1.00100368648855,99000
"alpha[2]",-2.3318891846017,0.396682396202272,-3.08995145895043,-2.55804842019899,-2.34062699670965,-2.11536713333932,-1.520124854369,1.00098877893615,1e+05
"beta[1,1]",0,0,0,0,0,0,0,1,1
"beta[2,1]",0.0411377744235926,0.168305111387263,-0.295131693040892,-0.0680919169820144,0.0416622001018144,0.150874211022175,0.372644030744816,1.0010019590144,1e+05
"beta[3,1]",0.0268599685495814,0.518639770176714,-0.994612695392934,-0.246631478059504,0.0291787581971133,0.304786014154964,1.03752878881853,1.00103563620134,32000
"beta[1,2]",0,0,0,0,0,0,0,1,1
"beta[2,2]",-0.085726566978073,0.232699673360375,-0.540303623715993,-0.238255226087206,-0.0891849261664925,0.0640207562350496,0.383108581015088,1.00100361499444,99000
"beta[3,2]",-0.105579800482905,0.565654868213147,-1.22184723073479,-0.413171007944142,-0.104245118365924,0.201906477382308,1.00359214839004,1.00099921198602,1e+05
"deviance",59.0219041500639,11.8547180456161,37.2662736951145,50.7783248037146,58.513817320576,66.7164454041137,83.6327647681309,1.00101855146478,50000
"exp.mean[1,1]",73.5446210578564,12.6176651378008,51.6910443077747,64.9199414059889,72.5199785670686,80.9935312124573,101.173131407996,1.00103932247916,30000
"exp.mean[2,1]",105.546478827388,14.5325176190089,79.8233961381673,95.625628747146,104.555011335627,114.348826621024,136.816433402339,1.0010550811192,23000
"exp.mean[3,1]",84.8108391854858,14.8702906385082,58.2947105473804,74.9282430148865,83.8409937314017,93.5262311686491,117.178169755447,1.00098867992152,1e+05
"exp.mean[4,1]",95.6966454042878,13.363951912813,72.0724013699721,86.7769677865095,94.7602835868219,103.579711864103,124.768232599567,1.00099735502429,1e+05
"exp.mean[5,1]",83.9369582194021,20.3874475959061,48.16749231453,71.0665357178997,82.6191390007858,94.8500814136076,128.450524549431,1.00099069623529,1e+05
"exp.mean[1,2]",0.189932981152615,0.055153158701609,0.092421674480357,0.15308373887414,0.185963518927313,0.22198949575436,0.310074135594101,1.00101039471479,69000
"exp.mean[2,2]",0.0530389000416195,0.0125599115383948,0.0333421910041535,0.04453658693804,0.0514109032813885,0.0596750586043328,0.0820902763928929,1.00104794116847,25000
"exp.mean[3,2]",0.116303813585529,0.0385090240181485,0.0589955910116311,0.0897604940235704,0.110407693634244,0.136126655642824,0.206686386826786,1.0010006592543,1e+05
"exp.mean[4,2]",0.0740201472861017,0.0181099991150733,0.0454954055723863,0.0619087905474697,0.0717520839626525,0.0832161413541009,0.11643183440114,1.00099360190709,1e+05
"exp.mean[5,2]",0.133888995559256,0.0823892447600616,0.0449303277522093,0.0843074947526282,0.115459170434309,0.161278214338475,0.331502872267508,1.00099225697546,1e+05
"exp.meanpop[1,1]",71.9492808719818,12.7141238375757,50.0622498460979,63.1625730353118,70.9279437925993,79.5368967501097,100.122954902765,1.00100465530105,93000
"exp.meanpop[2,1]",70.2111509369029,10.0824073665349,52.4020375975356,63.2384910210577,69.4927506544013,76.3577822540557,92.1843669405439,1.00098854467562,1e+05
"exp.meanpop[3,1]",111.914782292379,16.1445480089954,83.837688671687,100.775837557199,110.65306133328,121.689988835374,147.146812221392,1.00099366149691,1e+05
"exp.meanpop[4,1]",107.379484369057,19.0846815393496,74.7364161717163,94.522047637843,105.774038869959,118.392198725688,149.415424395334,1.0010875322773,15000
"exp.meanpop[5,1]",106.035414654683,18.8268095880912,73.1798991722792,93.3816213406235,104.632197169123,116.962550066276,147.241137308247,1.00098922203825,1e+05
"exp.meanpop[6,1]",105.544768589006,19.3271807925146,71.6638512290748,92.5894465176892,104.116373850409,116.727251416774,148.12096728623,1.00098992949483,1e+05
"exp.meanpop[7,1]",107.231104481111,19.1320051708844,74.2204051826076,94.3369164415349,105.719634234623,118.278281123469,149.484472833528,1.00104292989126,28000
"exp.meanpop[8,1]",83.163479498628,15.0425159109663,57.0123593904482,72.893013828576,82.0174637017785,91.9898571774119,116.185055655138,1.00099755109883,1e+05
"exp.meanpop[9,1]",86.1698998630557,18.9361347765642,54.8299270715617,73.4901730903476,84.1756133949004,96.5808131087046,129.180202958806,1.00099433588733,1e+05
"exp.meanpop[10,1]",97.9540527068116,11.4400574806982,77.354642972095,90.1142177234979,97.2670583203916,104.992994855737,122.619627599538,1.0009936712357,1e+05
"exp.meanpop[11,1]",95.9310078461264,15.976470787281,67.9766859491284,85.2006196465665,94.7160288665515,105.2066148317,131.222325680861,1.00099407759599,1e+05
"exp.meanpop[12,1]",82.927241908908,22.1700869167181,45.9852892058056,68.2539305415793,80.855891680394,94.8287106364894,132.777682091589,1.00098998189231,1e+05
"exp.meanpop[1,2]",0.188251280853327,0.0509044258985112,0.103070911200194,0.152906372168118,0.183323846266843,0.217769157915936,0.302539767014906,1.00100073243463,1e+05
"exp.meanpop[2,2]",0.215223702646858,0.0461923351350464,0.136605981739749,0.183134068312871,0.211139984377032,0.242723407858286,0.317959079108976,1.00098904890209,1e+05
"exp.meanpop[3,2]",0.0550366479486398,0.0120022537564478,0.0354743244705081,0.0467656182154749,0.0536689830434838,0.0618088506179682,0.0825046398895898,1.00100738724167,79000
"exp.meanpop[4,2]",0.0562438717552927,0.0169136520963285,0.032043496448075,0.045096087723195,0.0534435132446544,0.0639719608557676,0.0970884435503443,1.00105676780986,22000
"exp.meanpop[5,2]",0.0510822973410994,0.0144129279422484,0.0282453367835256,0.0413860722053589,0.0493414543816635,0.058641379400335,0.0842669116045717,1.00098860614085,1e+05
"exp.meanpop[6,2]",0.0469518501311136,0.0136973546736839,0.0237344989558249,0.0377578571560675,0.0457129276033735,0.0546365621058364,0.0777471599876768,1.00098918432845,1e+05
"exp.meanpop[7,2]",0.0508503153395701,0.0143296938658225,0.0280701378858044,0.0413269760012381,0.0491224701097865,0.0582786995382675,0.0839639900755178,1.00098849295811,1e+05
"exp.meanpop[8,2]",0.12064689754492,0.0364468547629387,0.064526155930236,0.095108116326672,0.115540722893026,0.14021459903142,0.206610069414895,1.00101012275642,69000
"exp.meanpop[9,2]",0.116449186703128,0.042925660628543,0.0529950685459819,0.0870095722185069,0.109753774818528,0.138162640360838,0.21904340648038,1.00099856444623,1e+05
"exp.meanpop[10,2]",0.0702499060130617,0.012252831946774,0.0494368834793678,0.0617714584653319,0.0691314584910359,0.0774652407001597,0.0977148911202636,1.00101997923683,48000
"exp.meanpop[11,2]",0.0736125104745031,0.0192044044750688,0.0432122685296504,0.06059426514211,0.0711387374478731,0.0837781975222271,0.118371562700677,1.00098915733011,1e+05
"exp.meanpop[12,2]",0.137232967919175,0.0817318092980399,0.0457160920373632,0.0871786721206034,0.120046055303766,0.166311349984292,0.329650558431633,1.00099126679984,1e+05
"intercept[1]",87.9864645119334,16.064978370095,61.106837510326,78.7896026894546,87.0744157295263,95.9329248005613,119.52379499929,1.00101029658205,69000
"intercept[2]",0.105871721447018,0.0680160709500516,0.0455041631708534,0.0774557541229649,0.0962672600487131,0.120589009179629,0.218684581522214,1.00098877893615,1e+05
"mu[1,1]",4.3017344830953,0.193481504040018,3.92123970069692,4.17563828837323,4.30132684096977,4.42682327765357,4.68872011718126,1.00098876697552,1e+05
"mu[2,1]",4.2605967086717,0.175403035446619,3.91326722798397,4.14571192692476,4.26166448554483,4.37622102405832,4.60639897973831,1.00100374490137,98000
"mu[3,1]",4.3017344830953,0.193481504040018,3.92123970069692,4.17563828837323,4.30132684096977,4.42682327765357,4.68872011718126,1.00098876697552,1e+05
"mu[4,1]",4.24131928112809,0.142726595354031,3.95894547601999,4.14691315090897,4.24122243999944,4.33542995514008,4.52379056022691,1.00098854251906,1e+05
"mu[5,1]",4.28245705555168,0.179521483756796,3.92747334806827,4.16496354032672,4.2821151608806,4.39946581258799,4.63795882121563,1.00100112661748,1e+05
"mu[6,1]",4.24131928112809,0.142726595354031,3.95894547601999,4.14691315090897,4.24122243999944,4.33542995514008,4.52379056022691,1.00098854251906,1e+05
"mu[7,1]",4.24131928112809,0.142726595354031,3.95894547601999,4.14691315090897,4.24122243999944,4.33542995514008,4.52379056022691,1.00098854251906,1e+05
"mu[8,1]",4.24131928112809,0.142726595354031,3.95894547601999,4.14691315090897,4.24122243999944,4.33542995514008,4.52379056022691,1.00098854251906,1e+05
"mu[9,1]",4.28245705555168,0.179521483756796,3.92747334806827,4.16496354032672,4.2821151608806,4.39946581258799,4.63795882121563,1.00100112661748,1e+05
"mu[10,1]",4.70750854037717,0.142859525647112,4.42888265186811,4.61289862012895,4.7063997329282,4.80147673559968,4.99143081097236,1.00099390698215,1e+05
"mu[11,1]",4.70750854037717,0.142859525647112,4.42888265186811,4.61289862012895,4.7063997329282,4.80147673559968,4.99143081097236,1.00099390698215,1e+05
"mu[12,1]",4.70750854037717,0.142859525647112,4.42888265186811,4.61289862012895,4.7063997329282,4.80147673559968,4.99143081097236,1.00099390698215,1e+05
"mu[13,1]",4.73436850892676,0.524205763088448,3.70607660088545,4.45384003342491,4.73601094994205,5.01675859911467,5.74644483897302,1.00102660601674,39000
"mu[14,1]",4.74864631480077,0.202541806990989,4.35083300039614,4.61483513740325,4.74867535481642,4.88222096276801,5.14662784020702,1.00101219445317,63000
"mu[15,1]",4.66092452291096,0.175725918198086,4.31396747230171,4.54883311562422,4.66130511001282,4.77400283113611,5.00673050964087,1.00108836213815,15000
"mu[16,1]",4.64823673475192,0.176648210973333,4.29292078178564,4.53669455221725,4.65045131658437,4.76185379865471,4.99207163263729,1.0009891339624,1e+05
"mu[17,1]",4.64258699609614,0.182409103691588,4.27198645351149,4.52817516666575,4.64550925288145,4.75984002888494,4.99802928644159,1.00098971036944,1e+05
"mu[18,1]",4.65939074932172,0.176699993478982,4.30703911482676,4.54687259173294,4.66079062997432,4.77304016260913,5.00719252679146,1.00104330136003,27000
"mu[19,1]",4.4046991256032,0.179721389784073,4.04326807573825,4.28899280216658,4.40693219656165,4.52167832289881,4.75518422732705,1.00099736231418,1e+05
"mu[20,1]",4.4046991256032,0.179721389784073,4.04326807573825,4.28899280216658,4.40693219656165,4.52167832289881,4.75518422732705,1.00099736231418,1e+05
"mu[21,1]",4.47427774948681,0.235451224332313,4.00401857454323,4.32248364867959,4.47529480025207,4.62595590885051,4.9373263386334,1.00101661958396,53000
"mu[22,1]",4.57774489922213,0.116166704992099,4.34840060071251,4.50107795153805,4.57746037401002,4.65389363226195,4.80908710530082,1.00099288800329,1e+05
"mu[23,1]",4.57774489922213,0.116166704992099,4.34840060071251,4.50107795153805,4.57746037401002,4.65389363226195,4.80908710530082,1.00099288800329,1e+05
"mu[24,1]",4.61888267364572,0.164599135555935,4.29210492235041,4.51313068723928,4.61973843367755,4.72556853487974,4.94398521161502,1.0009935398904,1e+05
"mu[25,1]",4.57774489922213,0.116166704992099,4.34840060071251,4.50107795153805,4.57746037401002,4.65389363226195,4.80908710530082,1.00099288800329,1e+05
"mu[26,1]",4.57774489922213,0.116166704992099,4.34840060071251,4.50107795153805,4.57746037401002,4.65389363226195,4.80908710530082,1.00099288800329,1e+05
"mu[27,1]",4.61888267364572,0.164599135555935,4.29210492235041,4.51313068723928,4.61973843367755,4.72556853487974,4.94398521161502,1.0009935398904,1e+05
"mu[28,1]",4.60460486777171,0.511349799739639,3.59694516439371,4.33790981051352,4.60772960685303,4.87478031043027,5.59439807505017,1.00104445792769,27000
"mu[29,1]",4.60460486777171,0.511349799739639,3.59694516439371,4.33790981051352,4.60772960685303,4.87478031043027,5.59439807505017,1.00104445792769,27000
"mu[30,1]",4.60460486777171,0.511349799739639,3.59694516439371,4.33790981051352,4.60772960685303,4.87478031043027,5.59439807505017,1.00104445792769,27000
"mu[31,1]",4.61888267364572,0.164599135555935,4.29210492235041,4.51313068723928,4.61973843367755,4.72556853487974,4.94398521161502,1.0009935398904,1e+05
"mu[32,1]",4.57774489922213,0.116166704992099,4.34840060071251,4.50107795153805,4.57746037401002,4.65389363226195,4.80908710530082,1.00099288800329,1e+05
"mu[33,1]",4.61888267364572,0.164599135555935,4.29210492235041,4.51313068723928,4.61973843367755,4.72556853487974,4.94398521161502,1.0009935398904,1e+05
"mu[34,1]",4.57774489922213,0.116166704992099,4.34840060071251,4.50107795153805,4.57746037401002,4.65389363226195,4.80908710530082,1.00099288800329,1e+05
"mu[35,1]",4.55001002934179,0.165058347243436,4.21916479268201,4.44500870665565,4.55088324528038,4.65592617695511,4.87689302728196,1.00099444052976,1e+05
"mu[36,1]",4.59114780376539,0.2009083843416,4.18743834166118,4.46302148892147,4.59283777620167,4.72131020531602,4.9851779702036,1.00101380126725,59000
"mu[37,1]",4.42445042113599,0.269105405474828,3.87544298391811,4.25714650205157,4.43020906705354,4.59615353250762,4.9496524737268,1.00099938134175,1e+05
"mu[1,2]",-1.79195968469069,0.280058182238058,-2.36092907591126,-1.97077974534719,-1.78641415172625,-1.60689061502045,-1.25324813857397,1.00098851875865,1e+05
"mu[2,2]",-1.70623311771262,0.271634540627264,-2.27233806937686,-1.87792949151906,-1.69650103839809,-1.5243196858754,-1.19554254894521,1.00100073243463,1e+05
"mu[3,2]",-1.79195968469069,0.280058182238058,-2.36092907591126,-1.97077974534719,-1.78641415172625,-1.60689061502045,-1.25324813857397,1.00098851875865,1e+05
"mu[4,2]",-1.55883550467634,0.214097951298353,-1.99065454261571,-1.69753678063962,-1.555233932414,-1.4158327231942,-1.14583258652945,1.00098904890209,1e+05
"mu[5,2]",-1.64456207165441,0.252112431317668,-2.14348778873832,-1.80797621637625,-1.64422054578738,-1.48053753060583,-1.14454551475931,1.00100632456878,84000
"mu[6,2]",-1.55883550467634,0.214097951298353,-1.99065454261571,-1.69753678063962,-1.555233932414,-1.4158327231942,-1.14583258652945,1.00098904890209,1e+05
"mu[7,2]",-1.55883550467634,0.214097951298353,-1.99065454261571,-1.69753678063962,-1.555233932414,-1.4158327231942,-1.14583258652945,1.00098904890209,1e+05
"mu[8,2]",-1.55883550467634,0.214097951298353,-1.99065454261571,-1.69753678063962,-1.555233932414,-1.4158327231942,-1.14583258652945,1.00098904890209,1e+05
"mu[9,2]",-1.64456207165441,0.252112431317668,-2.14348778873832,-1.80797621637625,-1.64422054578738,-1.48053753060583,-1.14454551475931,1.00100632456878,84000
"mu[10,2]",-2.92264981195785,0.21345988150348,-3.33894609852726,-3.06260699956417,-2.92492004129631,-2.78370871088964,-2.49490074613704,1.00100738724167,79000
"mu[11,2]",-2.92264981195785,0.21345988150348,-3.33894609852726,-3.06260699956417,-2.92492004129631,-2.78370871088964,-2.49490074613704,1.00100738724167,79000
"mu[12,2]",-2.92264981195785,0.21345988150348,-3.33894609852726,-3.06260699956417,-2.92492004129631,-2.78370871088964,-2.49490074613704,1.00100738724167,79000
"mu[13,2]",-3.02822961244076,0.580875867437355,-4.19031637155237,-3.34587772922704,-3.02101495927469,-2.70525261633776,-1.90334327552969,1.00099102346327,1e+05
"mu[14,2]",-3.00837637893593,0.294889827825867,-3.57355602924666,-3.20580465595838,-3.01457469809179,-2.81742300367323,-2.40885728139659,1.00098849851939,1e+05
"mu[15,2]",-2.9179523374661,0.278328909358187,-3.44066103514311,-3.0989597829503,-2.92913001006108,-2.74931040325004,-2.3321329267272,1.00105676780986,22000
"mu[16,2]",-3.0120667751562,0.275044687152973,-3.56682690462489,-3.18481087491324,-3.0089906915893,-2.83631469848233,-2.47376599868195,1.00098860614085,1e+05
"mu[17,2]",-3.10108815352153,0.295826414057951,-3.7408256371311,-3.27656168835995,-3.0853741413612,-2.90705198469915,-2.55429325607963,1.00098918432845,1e+05
"mu[18,2]",-3.01641088079951,0.274212043483584,-3.57304897640793,-3.18623982029629,-3.01343870915626,-2.84251861193519,-2.47736726162964,1.00098849295811,1e+05
"mu[19,2]",-2.15816596532828,0.293970851950095,-2.7406846190825,-2.35274096789192,-2.15813223200132,-1.96458117976414,-1.57692198478683,1.00101012275642,69000
"mu[20,2]",-2.15816596532828,0.293970851950095,-2.7406846190825,-2.35274096789192,-2.15813223200132,-1.96458117976414,-1.57692198478683,1.00101012275642,69000
"mu[21,2]",-2.29945719720397,0.372390343940308,-3.03922940712728,-2.54123487954878,-2.29999678668305,-2.0564314549386,-1.56514955763892,1.0010184885423,50000
"mu[22,2]",-2.67055986600478,0.172174201100922,-3.00705850424013,-2.78431385832866,-2.67174539144576,-2.55792595032694,-2.32570131475888,1.00101997923683,48000
"mu[23,2]",-2.67055986600478,0.172174201100922,-3.00705850424013,-2.78431385832866,-2.67174539144576,-2.55792595032694,-2.32570131475888,1.00101997923683,48000
"mu[24,2]",-2.75628643298285,0.226540779907908,-3.20866506668822,-2.90111948980357,-2.75551863467204,-2.60994867461825,-2.30902313263265,1.00098856545446,1e+05
"mu[25,2]",-2.67055986600478,0.172174201100922,-3.00705850424013,-2.78431385832866,-2.67174539144576,-2.55792595032694,-2.32570131475888,1.00101997923683,48000
"mu[26,2]",-2.67055986600478,0.172174201100922,-3.00705850424013,-2.78431385832866,-2.67174539144576,-2.55792595032694,-2.32570131475888,1.00101997923683,48000
"mu[27,2]",-2.75628643298285,0.226540779907908,-3.20866506668822,-2.90111948980357,-2.75551863467204,-2.60994867461825,-2.30902313263265,1.00098856545446,1e+05
"mu[28,2]",-2.77613966648768,0.550349255267006,-3.85919744549289,-3.06941078663031,-2.77772895439067,-2.48696487370187,-1.68077025110955,1.00099108344409,1e+05
"mu[29,2]",-2.77613966648768,0.550349255267006,-3.85919744549289,-3.06941078663031,-2.77772895439067,-2.48696487370187,-1.68077025110955,1.00099108344409,1e+05
"mu[30,2]",-2.77613966648768,0.550349255267006,-3.85919744549289,-3.06941078663031,-2.77772895439067,-2.48696487370187,-1.68077025110955,1.00099108344409,1e+05
"mu[31,2]",-2.75628643298285,0.226540779907908,-3.20866506668822,-2.90111948980357,-2.75551863467204,-2.60994867461825,-2.30902313263265,1.00098856545446,1e+05
"mu[32,2]",-2.67055986600478,0.172174201100922,-3.00705850424013,-2.78431385832866,-2.67174539144576,-2.55792595032694,-2.32570131475888,1.00101997923683,48000
"mu[33,2]",-2.75628643298285,0.226540779907908,-3.20866506668822,-2.90111948980357,-2.75551863467204,-2.60994867461825,-2.30902313263265,1.00098856545446,1e+05
"mu[34,2]",-2.67055986600478,0.172174201100922,-3.00705850424013,-2.78431385832866,-2.67174539144576,-2.55792595032694,-2.32570131475888,1.00101997923683,48000
"mu[35,2]",-2.64112452476423,0.252968826612075,-3.14163083030875,-2.80355502500365,-2.64312326004871,-2.47958247811069,-2.13392676527297,1.00098915733011,1e+05
"mu[36,2]",-2.72685109174231,0.290071272816499,-3.29351823760701,-2.91416236128577,-2.73030551856946,-2.54283780832279,-2.13989859155918,1.00100316697084,1e+05
"mu[37,2]",-2.19880606195008,0.475843140028721,-3.13824522438925,-2.50613392788113,-2.20021888664082,-1.89308422867654,-1.24917698858448,1.00098851819076,1e+05
"pop.cor",-0.0667844204956551,0.585690751730227,-0.962766012427849,-0.587454008831213,-0.0994742259278844,0.436301360459526,0.943313179392314,1.00111410306339,12000
"pop.sd[1]",0.145071952531565,0.0682164350153639,0.0596555938148585,0.0969311437005518,0.129589438929656,0.176105113155162,0.317774943361813,1.00107837147719,17000
"pop.sd[2]",0.227989454282906,0.138484244948677,0.069573306284399,0.130260215369135,0.192165844819182,0.286954868101363,0.588002757692307,1.00101019679415,69000
"population[1,1]",-0.201832833120158,0.203109929280172,-0.616099113825168,-0.321541161994626,-0.195657304574227,-0.0768965452615337,0.18103597139826,1.00104332104426,27000
"population[2,1]",-0.221110260663774,0.188870217080589,-0.601261898274293,-0.331757959544665,-0.21746879107334,-0.106350562032732,0.139396072782474,1.00100494808509,91000
"population[3,1]",0.245078998585315,0.201820730320012,-0.12249232932365,0.117801477337131,0.23458192587804,0.362740327899615,0.668072789876685,1.0009940079339,1e+05
"population[4,1]",0.198494981119104,0.222032449873584,-0.21766250133164,0.0594464109798013,0.189201793924944,0.32805557605165,0.660984049415326,1.00100679989299,82000
"population[5,1]",0.185807192960064,0.222001192499504,-0.235122742995925,0.0487000760649563,0.178052666918032,0.316138841147558,0.64565222056241,1.00100679143333,82000
"population[6,1]",0.180157454304284,0.225018291668656,-0.252878559554008,0.0412105777583045,0.173863483089127,0.313366245948814,0.645872488389777,1.00099513883783,1e+05
"population[7,1]",0.196961207529857,0.221143932047974,-0.220603841197459,0.0599299442937571,0.188781599177324,0.327060404344926,0.659128208373463,1.00099370600969,1e+05
"population[8,1]",-0.0577304161886603,0.207408239816075,-0.472054359505514,-0.18041678340755,-0.0558567351825438,0.0656244921066326,0.352035547966046,1.00099003810013,1e+05
"population[9,1]",-0.0292895667286455,0.225502520193297,-0.478465146361402,-0.162901600300058,-0.0287692806575819,0.104879832538577,0.421766889260291,1.00099002353824,1e+05
"population[10,1]",0.115315357430269,0.17952544834427,-0.220249260697594,0.00732380298116036,0.110788807603843,0.217977931140687,0.480350041893685,1.00102356175254,43000
"population[11,1]",0.0875804875499338,0.204737014340979,-0.302694865348758,-0.037466141554646,0.0828138449180879,0.207496287081751,0.508619402929771,1.00099247724987,1e+05
"population[12,1]",-0.079116895079462,0.250529903481725,-0.603460248257188,-0.220647851405745,-0.0701928593050051,0.0719943915929604,0.394936852883434,1.00099209077481,1e+05
"population[1,2]",0.62565606688908,0.434313952200246,-0.206124373003969,0.367476568372238,0.61811990925523,0.875097757156709,1.5026992553989,1.00099565867953,1e+05
"population[2,2]",0.773053679925361,0.417372616451434,-0.0318447524759481,0.528279004396911,0.766228596360813,1.00973173799467,1.60947381684394,1.00098850835001,1e+05
"population[3,2]",-0.590760627356153,0.432477832581384,-1.48081488792506,-0.838008590211192,-0.578031092753004,-0.330540097012479,0.218845858169385,1.00099544309985,1e+05
"population[4,2]",-0.586063152864405,0.467313445427704,-1.53691958920307,-0.859766758783798,-0.577357294584561,-0.304619509638363,0.314899042464316,1.00101739004183,52000
"population[5,2]",-0.680177590554499,0.460069804325853,-1.63430708097222,-0.949224364683757,-0.663120599026912,-0.397024175096196,0.176866843287177,1.00098893210814,1e+05
"population[6,2]",-0.769198968919832,0.46903067849415,-1.75941510844482,-1.04147438037382,-0.745481965784127,-0.475700468998981,0.0868624763434789,1.00098849763695,1e+05
"population[7,2]",-0.684521696197808,0.459056131711662,-1.63705838268751,-0.950857548552134,-0.667901262852162,-0.402729942266795,0.176806472292609,1.00098869422518,1e+05
"population[8,2]",0.173723219273419,0.447405763740989,-0.709620105662182,-0.090809061922802,0.174593792981737,0.438885918979264,1.05093818787892,1.00099515559885,1e+05
"population[9,2]",0.118158554375802,0.473352979347876,-0.8174515149405,-0.166039357663943,0.117909298706908,0.39939044969764,1.05885952584559,1.00099228884217,1e+05
"population[10,2]",-0.33867068140308,0.404819723893747,-1.16805116627893,-0.562970635098963,-0.329306097557876,-0.106897961162663,0.430706766614104,1.00099696650489,1e+05
"population[11,2]",-0.309235340162534,0.437219948152966,-1.20259392872981,-0.559951270856394,-0.300816969273886,-0.0505515843214226,0.52816797707126,1.00098849265168,1e+05
"population[12,2]",0.218809689629696,0.535810976057506,-0.811378241054859,-0.110360160322262,0.207119817454264,0.532001902448417,1.32424711579897,1.00099226642899,1e+05
"resid[1,1]",-0.225893392437754,0.193481504040018,-0.612879026546452,-0.350982186996067,-0.22548575031306,-0.0997971977160452,0.15460138995287,1.00098869720182,1e+05
"resid[2,1]",0.0325987122955642,0.175403035446619,-0.313203558772109,-0.083025603091528,0.0315309354220328,0.147483494041784,0.379928192983174,1.00100465530105,93000
"resid[3,1]",0.0144194074278796,0.193481504040018,-0.372566226680818,-0.110669387130434,0.014827049552574,0.140515602149588,0.394914189818504,1.00098869720182,1e+05
"resid[4,1]",-0.109839512243725,0.142726595354031,-0.392310791342557,-0.203950186257232,-0.109742671115102,-0.0154333820251342,0.17253429286423,1.00098854467562,1e+05
"resid[5,1]",-0.0264189043315901,0.179521483756796,-0.381920669996701,-0.14342766136922,-0.0260770096621563,0.0910746108933491,0.328564803149537,1.00100161187503,1e+05
"resid[6,1]",-0.00143241361532696,0.142726595354031,-0.283903692714158,-0.0955430876288339,-0.00133557248670346,0.0929737166032643,0.280941391492629,1.00098854467562,1e+05
"resid[7,1]",0.022768055681109,0.142726595354031,-0.259703223417722,-0.071342618332398,0.0228648968097325,0.1171741858997,0.305141860789065,1.00098854467562,1e+05
"resid[8,1]",-0.0811869783679817,0.142726595354031,-0.363658257466813,-0.175297652381489,-0.0810901372393582,0.0132191518506095,0.201186826739974,1.00098854467562,1e+05
"resid[9,1]",-0.0943186140432171,0.179521483756796,-0.449820379708328,-0.211327371080847,-0.0939767193737833,0.0231749011817222,0.26066509343791,1.00100161187503,1e+05
"resid[10,1]",-0.0170785104382605,0.142859525647112,-0.301000781042723,-0.111046705663338,-0.0159697029922312,0.0775314098097275,0.26154737807054,1.00099366149691,1e+05
"resid[11,1]",0.0353344507359894,0.142859525647112,-0.248587819868473,-0.0586337444890885,0.0364432581820187,0.129944370983977,0.31396033924479,1.00099366149691,1e+05
"resid[12,1]",0.286997371789197,0.142859525647112,0.00307510118473464,0.193029176564119,0.288106179235226,0.381607292037185,0.565623260297997,1.00099366149691,1e+05
"resid[13,1]",-0.132202831958964,0.524205763088448,-1.14427916200523,-0.414592922146875,-0.133845272974259,0.148325643542886,0.896089076082346,1.00102660601674,39000
"resid[14,1]",0.201955849180009,0.202541806990989,-0.196025676231484,0.068381201202909,0.201926809162506,0.335767026575378,0.599769163583346,1.00101014279111,69000
"resid[15,1]",0.046531456617877,0.175725918198086,-0.299274530112074,-0.0665468516091339,0.0461508695160195,0.15862286390434,0.393488507227054,1.0010875322773,15000
"resid[16,1]",-0.0331162179106639,0.176648210973333,-0.376951115819618,-0.146733281814768,-0.0353307997493815,0.0784259646239331,0.322199735055476,1.00098922203825,1e+05
"resid[17,1]",-0.0650963792147952,0.182409103691588,-0.420538669565576,-0.182349412003592,-0.0680186360001511,0.0493154502155939,0.305504163369179,1.00098992949483,1e+05
"resid[18,1]",0.0328741435173079,0.176699993478982,-0.314927633952531,-0.0807752697727431,0.0314742628646631,0.145392301106083,0.385225778010916,1.00104292989126,28000
"resid[19,1]",-0.0176849494182792,0.179721389784073,-0.368170051142252,-0.134664146714744,-0.0199180203769296,0.0980213740179852,0.343746100443531,1.00099755109883,1e+05
"resid[20,1]",-0.0999585848893921,0.179721389784073,-0.450443686613365,-0.216937782185857,-0.102191655848042,0.0157477385468723,0.261472464972418,1.00099755109883,1e+05
"resid[21,1]",0.0775971394430609,0.235451224332313,-0.385451449704252,-0.0740810199206523,0.0765800886758399,0.229391240243954,0.547856314386615,1.00101182725595,64000
"resid[22,1]",-0.0270308990300965,0.116166704992099,-0.258373105109178,-0.103179632080259,-0.0267463738180203,0.0496360486538561,0.202313399478682,1.0009936712357,1e+05
"resid[23,1]",0.122735466570288,0.116166704992099,-0.108606739508794,0.0465867335201251,0.123019991782364,0.19940241425424,0.352079765079066,1.0009936712357,1e+05
"resid[24,1]",0.0987229416721586,0.164599135555935,-0.226379596299247,-0.00796291956618544,0.0978671816402925,0.204474928077929,0.425500692920577,1.00099309871775,1e+05
"resid[25,1]",-0.0123555832458821,0.116166704992099,-0.243697789324964,-0.0885043162960448,-0.0120710580338059,0.0643113644380704,0.216988715262896,1.0009936712357,1e+05
"resid[26,1]",-0.00571793182729152,0.116166704992099,-0.237060137906373,-0.0818666648774542,-0.0054334066152153,0.070949015856661,0.223626366681487,1.0009936712357,1e+05
"resid[27,1]",-0.0423177446679642,0.164599135555935,-0.36742028263937,-0.149003605906308,-0.0431735046998303,0.0634342417378058,0.284460006580455,1.00099309871775,1e+05
"resid[28,1]",-0.0138379120943628,0.511349799739639,-1.00363111937283,-0.284013354752921,-0.0169626511756804,0.25285714516383,0.99382179128364,1.00104445792769,27000
"resid[29,1]",0.104024026584611,0.511349799739639,-0.885769180693851,-0.166151416073947,0.100899287503294,0.370719083842804,1.11168372996261,1.00104445792769,27000
"resid[30,1]",0.0558107924423595,0.511349799739639,-0.933982414836103,-0.214364650216198,0.0526860533610418,0.322505849700552,1.06347049582036,1.00104445792769,27000
"resid[31,1]",-0.0133125676363031,0.164599135555935,-0.338415105607709,-0.119998428874647,-0.0141683276681692,0.0924394187694668,0.313465183612116,1.00099309871775,1e+05
"resid[32,1]",-0.0747181869027411,0.116166704992099,-0.306060392981823,-0.150866919952904,-0.0744336616906649,0.00194876078121142,0.154626111606037,1.0009936712357,1e+05
"resid[33,1]",0.102736324985617,0.164599135555935,-0.222366212985789,-0.00394953625272754,0.10188056495375,0.208488311391386,0.429514076234035,1.00099309871775,1e+05
"resid[34,1]",0.0244207777456635,0.116166704992099,-0.206921428333418,-0.0517279553044991,0.0247053029577398,0.101087725429616,0.253765076254442,1.0009936712357,1e+05
"resid[35,1]",-0.0589047996416753,0.165058347243436,-0.385787797583873,-0.164820947255038,-0.059778015583638,0.0460965230442703,0.271940437001063,1.00099407759599,1e+05
"resid[36,1]",0.0566028297578227,0.2009083843416,-0.337427336689889,-0.0735595718008468,0.0549128573215238,0.184729144601738,0.460312291858861,1.0010136502871,60000
"resid[37,1]",-0.151820213241507,0.269105405474828,-0.677022265841355,-0.323523324613673,-0.157578859175372,0.0154837058385497,0.397187223783206,1.00100072417316,1e+05
"resid[1,2]",0.254842433836218,0.280058182238058,-0.2838691122805,0.0697733641659803,0.249296900871779,0.433662494492712,0.823811825056782,1.00098851875865,1e+05
"resid[2,2]",-0.0865268518490189,0.271634540627264,-0.597217420616431,-0.268440283686243,-0.0962589311635492,0.0851695219574225,0.479578099815218,1.00100073243463,1e+05
"resid[3,2]",-0.370863465928194,0.280058182238058,-0.909575012044913,-0.555932535598432,-0.376408998892634,-0.1920434052717,0.198105925292369,1.00098851875865,1e+05
"resid[4,2]",0.409981999571483,0.214097951298353,-0.00302091857540704,0.266979218089343,0.406380427309141,0.548683275534766,0.841801037510855,1.00098904890209,1e+05
"resid[5,2]",0.125878522488776,0.252112431317668,-0.374138034406324,-0.038146018559809,0.125536996621743,0.289292667210616,0.624804239572687,1.00100632456878,84000
"resid[6,2]",0.20790828739374,0.214097951298353,-0.20509463075315,0.0649055059116002,0.204306715131399,0.346609563357023,0.639727325333112,1.00098904890209,1e+05
"resid[7,2]",-0.00419603494360544,0.214097951298353,-0.417198953090495,-0.147198816425745,-0.00779760720594658,0.134505241019678,0.427623002995766,1.00098904890209,1e+05
"resid[8,2]",-0.146562798903672,0.214097951298353,-0.559565717050562,-0.289565580385812,-0.150164371166014,-0.00786152294038905,0.2852562390357,1.00098904890209,1e+05
"resid[9,2]",0.258267710534522,0.252112431317668,-0.241748846360578,0.0942431694859368,0.257926184667488,0.421681855256362,0.757193427618433,1.00100632456878,84000
"resid[10,2]",0.50015442229125,0.21345988150348,0.0724053564704326,0.361213321223037,0.502424651629706,0.640111609897563,0.916450708860655,1.00100738724167,79000
"resid[11,2]",0.332382646512026,0.21345988150348,-0.0953664193087911,0.193441545443813,0.334652875850483,0.472339834118339,0.748678933081431,1.00100738724167,79000
"resid[12,2]",-0.113904456116393,0.21345988150348,-0.541653521937211,-0.252845557184606,-0.111634226777937,0.0260527314899196,0.302391830453012,1.00100738724167,79000
"resid[13,2]",0.397140452474676,0.580875867437355,-0.727745884436391,0.0741634563716732,0.389925799308609,0.714788569260955,1.55922721158629,1.00099102346327,1e+05
"resid[14,2]",-0.822066639499797,0.294889827825867,-1.42158573703913,-1.0130200147625,-0.815868320343929,-0.624638362477345,-0.25688698918906,1.00098849851939,1e+05
"resid[15,2]",0.229704763660075,0.278328909358187,-0.356114647078833,0.0610628294440052,0.240882436255054,0.410712209144269,0.752413461337076,1.00105676780986,22000
"resid[16,2]",-0.206809049712002,0.275044687152973,-0.745109826186254,-0.382561126385866,-0.209885133278899,-0.0340649499549627,0.347951079756686,1.00098860614085,1e+05
"resid[17,2]",-0.631952196378175,0.295826414057951,-1.17874709382008,-0.825988365200554,-0.647666208538511,-0.456478661539757,0.00778528723139841,1.00098918432845,1e+05
"resid[18,2]",-0.227782752052982,0.274212043483584,-0.766826371222851,-0.401675020917297,-0.230754923696233,-0.0579538125562009,0.328855343555435,1.00098849295811,1e+05
"resid[19,2]",0.0210953108118083,0.293970851950095,-0.560148669729638,-0.172489474752331,0.0210615774848468,0.215670313375445,0.603613964566028,1.00101012275642,69000
"resid[20,2]",0.170391612174269,0.293970851950095,-0.410852368367178,-0.0231931733898704,0.170357878847307,0.364966614737905,0.752910265928488,1.00101012275642,69000
"resid[21,2]",-0.108488411447901,0.372390343940308,-0.842796051012957,-0.351514153713268,-0.107948821968825,0.133289270896911,0.631283798475409,1.0010184885423,50000
"resid[22,2]",0.507736715385893,0.172174201100922,0.162878164139993,0.395102799708053,0.508922240826868,0.621490707709772,0.844235353621247,1.00101997923683,48000
"resid[23,2]",-0.79357731543125,0.172174201100922,-1.13843586667715,-0.90621123110909,-0.792391789990274,-0.679823323107371,-0.457078677195895,1.00101997923683,48000
"resid[24,2]",0.179264494287046,0.226540779907908,-0.267998806063152,0.0329267359224487,0.178496695976238,0.324097551107761,0.631643127992409,1.00098856545446,1e+05
"resid[25,2]",-0.188894789256664,0.172174201100922,-0.533753340502563,-0.301528704934504,-0.187709263815688,-0.0751407969327845,0.147603848978691,1.00101997923683,48000
"resid[26,2]",-0.0830108503992394,0.172174201100922,-0.427869401645139,-0.195644766077079,-0.0818253249582639,0.0307431419246397,0.253487787836115,1.00101997923683,48000
"resid[27,2]",0.409749452459624,0.226540779907908,-0.0375138478905739,0.263411694095027,0.408981654148816,0.554582509280339,0.862128086164987,1.00098856545446,1e+05
"resid[28,2]",0.145050506521603,0.550349255267006,-0.950318908856535,-0.144124286264215,0.146639794424584,0.438321626664229,1.2281082855268,1.00099108344409,1e+05
"resid[29,2]",-0.347425978576191,0.550349255267006,-1.44279539395433,-0.636600771362009,-0.34583669067321,-0.0541548584335649,0.73563180042901,1.00099108344409,1e+05
"resid[30,2]",-0.199789979770127,0.550349255267006,-1.29515939514826,-0.488964772555944,-0.198200691867146,0.0934811403724993,0.883267799235075,1.00099108344409,1e+05
"resid[31,2]",0.423242132504099,0.226540779907908,-0.0240211678460995,0.276904374139501,0.42247433419329,0.568075189324813,0.875620766209461,1.00098856545446,1e+05
"resid[32,2]",0.295404080175899,0.172174201100922,-0.0494544710700005,0.182770164498059,0.296589605616874,0.409158072499778,0.631902718411254,1.00101997923683,48000
"resid[33,2]",-0.367279212081023,0.226540779907908,-0.814542512431221,-0.513616970445621,-0.368047010391832,-0.222446155260309,0.0850994216243393,1.00098856545446,1e+05
"resid[34,2]",-0.266903499425236,0.172174201100922,-0.611762050671135,-0.379537415103076,-0.26571797398426,-0.153149507101357,0.0695951388101192,1.00101997923683,48000
"resid[35,2]",0.0771746676357803,0.252968826612075,-0.430023091855481,-0.0843673790177616,0.0791734029202535,0.2396051678752,0.5776809731803,1.00098915733011,1e+05
"resid[36,2]",-0.137852919405281,0.290071272816499,-0.724805419588412,-0.321866202824793,-0.13439849257813,0.0494583501381866,0.428814226459421,1.00100316697084,1e+05
"resid[37,2]",0.158585233423522,0.475843140028721,-0.791043839942073,-0.147136599850011,0.159998058114267,0.465913099354574,1.09802439586269,1.00098851819076,1e+05
"sp.cor",-0.514971393280106,0.429946346322934,-0.988885463802518,-0.860931060617311,-0.640942076802764,-0.275592342941476,0.566620923053145,1.00109487269833,14000
"sp.sd[1]",0.243735957862668,0.159335655160991,0.0774328924266601,0.145042600203554,0.205588813928974,0.295182334661139,0.641658464699158,1.00105546141871,22000
"sp.sd[2]",0.684310698802044,0.392758639056894,0.217487285479452,0.442641058120495,0.597345957418304,0.819524336290862,1.66562536334424,1.00118449400347,7700
"species[1,1]",-0.178993444505506,0.184442913939161,-0.568182057554691,-0.281139572538349,-0.167220620594286,-0.066254218247811,0.155011897464871,1.0011073996832,13000
"species[2,1]",0.187356704583026,0.185847896232125,-0.13358764387345,0.0714601513826063,0.171078424965285,0.288036735091723,0.594172933759785,1.00099141892985,1e+05
"species[3,1]",-0.0371926437881398,0.183774466979608,-0.414470496957576,-0.134220803885211,-0.0326297615376565,0.0620453245211712,0.324537949547813,1.00101113245135,66000
"species[4,1]",0.0891659411745521,0.174760350414269,-0.231241692243983,-0.0112200605024186,0.0789431794518771,0.17967803705263,0.463160119864949,1.00099339142791,1e+05
"species[5,1]",-0.0614400370672642,0.221049656968773,-0.544238729102349,-0.169834089715067,-0.047196722892883,0.0599701720954351,0.352586509001207,1.0009923943905,1e+05
"species[1,2]",0.627495553408028,0.433156604514966,-0.166713061009049,0.362048047640942,0.612387332782728,0.874206740915241,1.52379240379829,1.00099612079045,1e+05
"species[2,2]",-0.631097977537427,0.431077370104657,-1.54587829723332,-0.873727483977461,-0.610174774406194,-0.363760743519254,0.132428410977818,1.00100931763354,72000
"species[3,2]",0.129449888249803,0.437605132838996,-0.730911728108635,-0.120511527898934,0.12272175984346,0.378037101164494,1.00546553589836,1.00099270939028,1e+05
"species[4,2]",-0.299457764282172,0.41674944024069,-1.17178388246841,-0.528192195639831,-0.282909898077796,-0.0550149742638884,0.482199511855933,1.0009916740027,1e+05
"species[5,2]",0.189413446608507,0.524066324850047,-0.811594838421135,-0.122138169611139,0.163751167956736,0.484584965664218,1.30381459025109,1.00099363246097,1e+05
